iter	Accuracy	MultiClass
0	0.6295	1.043213485
1	0.651125	0.996149859
2	0.652875	0.9588517638
3	0.652625	0.9283469154
4	0.657375	0.9027018862
5	0.654625	0.8816497988
6	0.656125	0.8627617972
7	0.656375	0.8475497235
8	0.657	0.8340048675
9	0.657375	0.8223087273
10	0.657	0.8120537795
11	0.658125	0.8029399891
12	0.660125	0.7948243514
13	0.65975	0.7868650269
14	0.6575	0.7817445454
15	0.657875	0.7764057133
16	0.65725	0.773169173
17	0.658	0.7686998837
18	0.657875	0.7663141496
19	0.658125	0.7631362717
20	0.658125	0.7590056829
21	0.658875	0.7549549783
22	0.658625	0.7523648
23	0.659125	0.7504084296
24	0.65975	0.7476342323
25	0.66075	0.7451865856
26	0.660125	0.743286504
27	0.66025	0.741163002
28	0.66025	0.7392146747
29	0.66075	0.7377978601
30	0.66125	0.7363383763
31	0.661375	0.7346048513
32	0.660625	0.7341137455
33	0.661125	0.7332668667
34	0.66225	0.7316865681
35	0.662375	0.7301843864
36	0.66275	0.7291102015
37	0.66275	0.7281864966
38	0.663	0.7272762782
39	0.663625	0.7260882945
40	0.664375	0.724676678
41	0.66425	0.7245678484
42	0.664375	0.7237661397
43	0.664	0.7230995744
44	0.664	0.7223812076
45	0.664625	0.7214929145
46	0.66525	0.7208028154
47	0.665125	0.7204720543
48	0.665875	0.7197847712
49	0.6655	0.7187694235
50	0.665625	0.7179003061
51	0.6655	0.7175425051
52	0.66675	0.716811898
53	0.666375	0.7163807716
54	0.666875	0.7154462822
55	0.667	0.7144771878
56	0.669	0.7136624035
57	0.6695	0.713127278
58	0.669	0.7124728892
59	0.669875	0.7113273372
60	0.670625	0.7109278014
61	0.670625	0.7108585946
62	0.671	0.7102282833
63	0.6715	0.7096010678
64	0.671625	0.7087786166
65	0.672375	0.7081324221
66	0.672625	0.7077100133
67	0.67225	0.7074121308
68	0.673125	0.7069259455
69	0.673	0.7067014722
70	0.672875	0.7062916483
71	0.672625	0.7060218621
72	0.673	0.7056046286
73	0.67425	0.7050419902
74	0.67425	0.7050357171
75	0.674125	0.7048486268
76	0.674	0.7039743722
77	0.67475	0.7034060349
78	0.675125	0.7031321856
79	0.675875	0.7019357222
80	0.675875	0.701409941
81	0.677375	0.7006466795
82	0.6785	0.7000894537
83	0.678625	0.6991019544
84	0.678875	0.6987198284
85	0.67875	0.6984785373
86	0.678375	0.6978197985
87	0.678625	0.6972066505
88	0.679125	0.6965885583
89	0.67975	0.6960972114
90	0.6795	0.6957650264
91	0.68	0.6949385974
92	0.680625	0.6946484685
93	0.68175	0.6941198179
94	0.68275	0.69352561
95	0.682625	0.693131272
96	0.682875	0.6929068219
97	0.683	0.692290719
98	0.682875	0.691863099
99	0.683125	0.691483115
100	0.683625	0.6910754074
101	0.683875	0.6907602576
102	0.68475	0.6897234566
103	0.6845	0.6891593463
104	0.685	0.6883833972
105	0.68525	0.6880057816
106	0.686	0.6871378425
107	0.68675	0.6866843802
108	0.686875	0.685869343
109	0.688125	0.6854811426
110	0.6885	0.6845318162
111	0.68925	0.6839473568
112	0.68975	0.6834839149
113	0.689875	0.6826835729
114	0.690375	0.6821100358
115	0.690625	0.681365835
116	0.691	0.6809862562
117	0.691	0.6803592063
118	0.693375	0.6792256526
119	0.693625	0.6786629776
120	0.694125	0.6778686897
121	0.694	0.6773764072
122	0.694875	0.6763978261
123	0.696	0.6756377456
124	0.696875	0.6747941603
125	0.69625	0.6744091365
126	0.69675	0.6738437453
127	0.69775	0.6735285328
128	0.6975	0.6730580966
129	0.698625	0.6727162485
130	0.699375	0.6715336767
131	0.70025	0.6710330769
132	0.7005	0.6705856396
133	0.7005	0.67024353
134	0.700125	0.669934887
135	0.70175	0.6694880541
136	0.702125	0.6691527394
137	0.703375	0.6687157626
138	0.703875	0.6680828709
139	0.704125	0.6674379657
140	0.7045	0.6668840838
141	0.705875	0.666152871
142	0.7065	0.6656604932
143	0.7065	0.6649408768
144	0.707375	0.6644467112
145	0.70775	0.6640600792
146	0.708	0.6637525844
147	0.70775	0.6629765364
148	0.7085	0.6624816554
149	0.7095	0.661825007
150	0.71	0.6613057925
151	0.710125	0.6609677673
152	0.71025	0.6600586876
153	0.7105	0.6595404475
154	0.71075	0.6589284329
155	0.7105	0.6583118423
156	0.711	0.6579204593
157	0.711125	0.6567913601
158	0.713	0.6560284335
159	0.713	0.6555857681
160	0.71275	0.6552445751
161	0.713875	0.6547266174
162	0.715	0.6544043978
163	0.715	0.653929701
164	0.7155	0.6533272835
165	0.71625	0.6528861347
166	0.717125	0.6523369917
167	0.71725	0.6521508837
168	0.71775	0.6512504116
169	0.717625	0.6506176343
170	0.71775	0.6502853882
171	0.71825	0.6493580872
172	0.719	0.6485298483
173	0.71875	0.6482425374
174	0.718875	0.6478601952
175	0.71875	0.6476985317
176	0.718875	0.6470145411
177	0.719375	0.6464635909
178	0.720625	0.6460981848
179	0.720625	0.6453651606
180	0.72075	0.6446497734
181	0.721625	0.6443021099
182	0.722375	0.6436789628
183	0.724	0.6426847361
184	0.724125	0.6423215132
185	0.723875	0.6420201359
186	0.72425	0.6415432579
187	0.725	0.6411332084
188	0.72525	0.6405511971
189	0.72575	0.6400515985
190	0.72675	0.6396463506
191	0.727	0.6393521344
192	0.727625	0.6389309422
193	0.727875	0.6385906239
194	0.72775	0.6384068957
195	0.728	0.6380902989
196	0.727375	0.6378318945
197	0.72825	0.6372515911
198	0.729875	0.6365328843
199	0.730375	0.6361572366
200	0.730625	0.6357548519
201	0.730625	0.6354710667
202	0.730625	0.6350351262
203	0.73075	0.6348081301
204	0.73175	0.6339677573
205	0.731625	0.6332051247
206	0.73225	0.6326704282
207	0.73275	0.6323993533
208	0.734	0.6314435974
209	0.7335	0.6310327557
210	0.733	0.6303368369
211	0.733875	0.6300294382
212	0.734125	0.6296616409
213	0.733625	0.6291366577
214	0.734375	0.6288795408
215	0.735	0.6286921531
216	0.736375	0.6282198593
217	0.737	0.6272730625
218	0.737	0.6265065381
219	0.73775	0.6259973691
220	0.738125	0.6252831959
221	0.73875	0.6247222926
222	0.738875	0.6244744299
223	0.739875	0.6238848271
224	0.73975	0.6233917644
225	0.74025	0.6229592071
226	0.740875	0.6225239446
227	0.7415	0.6222050734
228	0.741875	0.6217535541
229	0.74225	0.6212581566
230	0.742375	0.6208863286
231	0.744125	0.6202988279
232	0.744	0.6200044141
233	0.744125	0.6196032711
234	0.74325	0.6185752758
235	0.744	0.6180592958
236	0.743875	0.6175926285
237	0.74375	0.6172726079
238	0.743625	0.6169511198
239	0.745	0.616496689
240	0.745375	0.6160584773
241	0.74575	0.6158724845
242	0.746375	0.615108382
243	0.74825	0.6145397303
244	0.747375	0.6142060325
245	0.748	0.6137678684
246	0.748125	0.613395146
247	0.74825	0.6128051052
248	0.748125	0.6122798816
249	0.748875	0.6119894494
250	0.74925	0.6116903834
251	0.749625	0.6109482668
252	0.750625	0.6105068882
253	0.75125	0.6101956681
254	0.75125	0.6098547363
255	0.752125	0.6092086986
256	0.752	0.6089178931
257	0.75275	0.6083163094
258	0.75325	0.607736099
259	0.753375	0.6074847783
260	0.75375	0.6068610564
261	0.75425	0.6062771903
262	0.754875	0.6060846129
263	0.754375	0.6057890945
264	0.754375	0.6055310855
265	0.75425	0.6051571994
266	0.755125	0.6045713217
267	0.755125	0.6043210784
268	0.755375	0.604078409
269	0.755	0.6037986274
270	0.755375	0.6035758493
271	0.755875	0.6030991204
272	0.755625	0.602765322
273	0.755375	0.6023615873
274	0.756625	0.6016616367
275	0.75725	0.601342071
276	0.7575	0.6011199909
277	0.757875	0.6008418432
278	0.758	0.6003813319
279	0.758	0.5999240328
280	0.758375	0.5994465485
281	0.758875	0.5988685606
282	0.759	0.5983024369
283	0.759625	0.5978740985
284	0.7595	0.597586511
285	0.760125	0.5974121684
286	0.760875	0.5969040403
287	0.7605	0.5966447053
288	0.760375	0.5963232942
289	0.761125	0.5960027753
290	0.761125	0.5954423663
291	0.76275	0.5947293955
292	0.763125	0.5944698157
293	0.76275	0.593897779
294	0.76275	0.593586128
295	0.763375	0.5931265298
296	0.763875	0.5929146422
297	0.764625	0.5927155087
298	0.76425	0.5924154493
299	0.76425	0.592214669
300	0.76475	0.5920559712
301	0.765	0.5916415249
302	0.765625	0.5913696014
303	0.76575	0.5909561417
304	0.766125	0.590562326
305	0.765625	0.5904031059
306	0.76575	0.589730389
307	0.766625	0.5892133622
308	0.766125	0.589100455
309	0.76775	0.5886021218
310	0.76825	0.5880342425
311	0.76925	0.5877810101
312	0.769875	0.5868540181
313	0.771375	0.5864460762
314	0.7715	0.5860265896
315	0.772125	0.5856068529
316	0.773	0.5851393631
317	0.773125	0.5846226066
318	0.77375	0.584213912
319	0.774	0.5837592123
320	0.774125	0.5831251119
321	0.775	0.5829462964
322	0.775375	0.5822784161
323	0.775625	0.5817846029
324	0.776375	0.5812451896
325	0.776625	0.5810368094
326	0.777125	0.5806875139
327	0.777125	0.5804585704
328	0.777125	0.5801208616
329	0.778375	0.5795127748
330	0.7785	0.5790284912
331	0.778375	0.5788597756
332	0.7785	0.5786291929
333	0.778375	0.5783120279
334	0.779	0.57781512
335	0.779	0.5775542742
336	0.7795	0.5773920285
337	0.77975	0.5767915771
338	0.77975	0.576529424
339	0.779875	0.5762554997
340	0.78075	0.5756477858
341	0.7805	0.5753990987
342	0.78125	0.5749272459
343	0.781	0.5746740234
344	0.781125	0.5743030606
345	0.781375	0.5740028354
346	0.781625	0.5735044668
347	0.78175	0.5732496036
348	0.781875	0.5728767213
349	0.78225	0.5725176017
350	0.782875	0.5722715727
351	0.782875	0.5719350776
352	0.78375	0.571596866
353	0.783875	0.5712367876
354	0.78475	0.5709742292
355	0.785	0.5706744508
356	0.7855	0.570332591
357	0.785	0.5696588319
358	0.785125	0.5694813605
359	0.784625	0.5691825302
360	0.784625	0.5686575233
361	0.785125	0.5682566599
362	0.78475	0.5677971861
363	0.78625	0.5674913674
364	0.785625	0.5671234527
365	0.786	0.5666688207
366	0.78625	0.5665191728
367	0.786	0.5662093732
368	0.7865	0.5658148197
369	0.786625	0.5652395552
370	0.786875	0.5649978042
371	0.786875	0.5647348438
372	0.78775	0.5644461584
373	0.787875	0.5641816123
374	0.787625	0.5640113721
375	0.7885	0.5635974254
376	0.78825	0.5630900907
377	0.788625	0.5627995459
378	0.7895	0.5624907596
379	0.7895	0.5621484651
380	0.788875	0.5616299791
381	0.789875	0.5612852345
382	0.790375	0.5609820849
383	0.79075	0.5607380724
384	0.791125	0.5605244898
385	0.792125	0.5601725094
386	0.792125	0.5597126695
387	0.792875	0.5592570166
388	0.79325	0.5590999088
389	0.792875	0.558830953
390	0.792625	0.5587018705
391	0.792875	0.5581437415
392	0.792875	0.5577959716
393	0.792375	0.5574325503
394	0.792875	0.5569263357
395	0.79275	0.5567935603
396	0.793875	0.5563532137
397	0.793875	0.5559136322
398	0.793625	0.5555162262
399	0.794	0.5552181773
400	0.79425	0.5549111167
401	0.794125	0.5548310476
402	0.7945	0.5546755264
403	0.7945	0.5544561801
404	0.7945	0.5538512815
405	0.794875	0.5536747225
406	0.795	0.5530490569
407	0.7945	0.5527372077
408	0.79525	0.5522696722
409	0.79525	0.5518768705
410	0.795375	0.5516252072
411	0.795875	0.5513412115
412	0.796875	0.5512284545
413	0.797	0.5509140668
414	0.797625	0.550308282
415	0.7985	0.5498490319
416	0.79825	0.5496915049
417	0.79875	0.5492245453
418	0.8005	0.5487983352
419	0.800375	0.5486952506
420	0.8	0.5484578918
421	0.801875	0.5481445597
422	0.8015	0.5477387088
423	0.801875	0.5472442859
424	0.802	0.5467080814
425	0.802375	0.5463783251
426	0.8025	0.5461589911
427	0.803	0.5456552192
428	0.803625	0.545413345
429	0.803125	0.5448573683
430	0.804125	0.5442768205
431	0.804375	0.5440369325
432	0.80475	0.5434656982
433	0.8055	0.5430989339
434	0.804875	0.5426552187
435	0.806625	0.542118044
436	0.806125	0.541886852
437	0.80675	0.5415260557
438	0.806625	0.5409403449
439	0.806375	0.5403720842
440	0.807	0.5400008501
441	0.807	0.5397831083
442	0.808125	0.5392922561
443	0.8095	0.5385084312
444	0.81025	0.5380411111
445	0.810875	0.5378282817
446	0.810625	0.5373791829
447	0.81	0.5370509969
448	0.810125	0.536572626
449	0.811125	0.5361785921
450	0.811125	0.5360033528
451	0.811375	0.5359024302
452	0.8115	0.5357484786
453	0.811375	0.5354503533
454	0.811375	0.5351204144
455	0.811625	0.5349759268
456	0.811875	0.534697227
457	0.812	0.5344905459
458	0.811375	0.5341574266
459	0.811125	0.533893196
460	0.812	0.5334217491
461	0.811625	0.5332891509
462	0.8125	0.5329083493
463	0.811875	0.5323609402
464	0.811875	0.5322138636
465	0.812125	0.53190735
466	0.81275	0.5314567384
467	0.812625	0.5311808937
468	0.812625	0.5310044492
469	0.812875	0.5307894262
470	0.813	0.5304428607
471	0.814125	0.5299927606
472	0.814	0.5294615055
473	0.814	0.5290710634
474	0.814	0.5288673124
475	0.815875	0.528169517
476	0.816	0.5279458121
477	0.816	0.5275202742
478	0.8165	0.5270118598
479	0.8165	0.5268479342
480	0.816875	0.5263272342
481	0.816875	0.5260818412
482	0.816375	0.5257000984
483	0.815875	0.5253612866
484	0.81575	0.524994561
485	0.815625	0.524774694
486	0.815875	0.5245508024
487	0.816375	0.5243044456
488	0.816	0.5239506836
489	0.816375	0.5236121534
490	0.81625	0.5233455929
491	0.817375	0.522857301
492	0.8195	0.5222063459
493	0.819625	0.521945198
494	0.819625	0.5217315333
495	0.8195	0.5213258168
496	0.82	0.5209663387
497	0.821	0.5207263023
498	0.82025	0.5201101912
499	0.82075	0.5198527887
